allele,A001-A002a,A001,A001-A002a,A001-A004,A001-A004,A001-A002a,A004,A004,A004-A008,A004-A023,A004,A004,A004-A023,A001-A008,A004-A008,A004-A008,A002a-A006,A002a-A004,A004,A002a-A004,A004
Mamu_A1_001g2,1,1,1,1,1,1,0,0,0,0,0,0,0,1,0,0,0,0,0,0,0
Mamu_A1_002_01,1,0,1,0,0,1,0,0,0,0,0,0,0,0,0,0,1,1,0,1,0
Mamu_A1_002_w_02,0,0,0,1,1,1,0,0,0,0,0,0,0,1,0,1,0,0,0,0,0
Mamu_A1_003_02,0,0,0,0,0,0,0,0,0,0,0,0,0,0,0,0,0,0,0,0,0
Mamu_A1_003_w_09,0,0,0,0,0,0,0,0,0,0,0,0,0,0,0,0,0,0,0,0,0
Mamu_A1_003g1,0,0,0,0,0,0,0,0,0,0,0,0,0,0,0,0,0,0,0,0,0
Mamu_A1_004_SP_exp13277_ctg255_47_157bp,0,0,0,0,0,0,0,0,0,0,0,0,0,0,0,0,0,0,0,0,0
Mamu_A1_004g,0,0,0,1,1,0,1,1,1,1,1,1,1,0,1,1,0,1,1,1,1
Mamu_A1_006g,0,0,0,0,0,0,0,0,0,0,0,0,0,0,0,0,1,0,0,0,0
Mamu_A1_007g1,0,0,0,0,0,0,0,0,0,0,0,0,0,0,0,0,0,0,0,0,0
Mamu_A1_008g,0,0,0,0,0,0,0,0,1,0,0,0,0,1,1,1,0,0,0,0,0
Mamu_A1_011g,0,0,0,0,0,0,0,0,0,0,0,0,0,0,0,0,0,0,0,0,0
Mamu_A1_012_01,0,0,0,0,0,0,0,0,0,0,0,0,0,0,0,0,0,0,0,0,0
Mamu_A1_016_01,0,0,0,0,0,0,0,0,0,0,0,0,0,0,0,0,0,0,0,0,0
Mamu_A1_018_08,0,0,0,0,0,0,0,0,0,0,0,0,0,0,0,0,0,0,0,0,0
Mamu_A1_019_nov_02,0,0,0,0,0,0,0,0,0,0,0,0,0,0,0,0,0,0,0,0,0
Mamu_A1_019g,0,0,0,0,0,0,0,0,0,0,0,0,0,0,0,0,0,0,0,0,0
Mamu_A1_022g,0,0,0,0,0,0,0,0,0,0,0,0,0,0,0,0,0,0,0,0,0
Mamu_A1_023_A1_106g,0,0,0,0,0,0,0,0,0,1,0,0,1,0,0,0,0,0,0,0,0
Mamu_A1_025_01,0,0,0,0,0,0,0,0,0,0,0,0,0,0,0,0,0,0,0,0,0
Mamu_A1_026_01,0,0,0,0,0,0,0,0,0,0,0,0,0,0,0,0,0,0,0,0,0
Mamu_A1_028_02,0,0,0,0,0,0,0,0,0,0,0,0,0,0,0,0,0,0,0,0,0
Mamu_A1_028_03,0,0,0,0,0,0,0,0,0,0,0,0,0,0,0,0,0,0,0,0,0
Mamu_A1_028_AG_02g,0,0,0,1,1,1,1,1,1,0,1,1,1,1,1,1,1,1,1,1,1
Mamu_A1_028g1,0,0,0,0,0,0,0,0,0,0,0,0,0,0,0,0,0,0,0,0,0
Mamu_A1_041_01,0,0,0,0,0,0,0,0,0,0,0,0,0,0,0,0,0,0,0,0,0
Mamu_A1_042_01,0,0,0,0,0,0,0,0,0,0,0,0,0,0,0,0,0,0,0,0,0
Mamu_A1_055_01,0,0,0,0,0,0,0,0,0,0,0,0,0,0,0,0,0,0,0,0,0
Mamu_A1_059_01,0,0,0,0,0,0,0,0,0,0,0,0,0,0,0,1,0,0,0,0,0
Mamu_A1_059_nov_01,0,0,0,0,0,0,0,0,0,0,0,0,0,0,0,1,0,0,0,0,0
Mamu_A1_066_01,0,0,0,0,0,0,0,0,0,0,0,0,0,0,0,0,0,0,0,0,0
Mamu_A1_074g2,0,0,0,0,0,0,0,0,0,0,0,0,0,0,0,0,0,0,0,0,0
Mamu_A1_108g,0,0,0,0,0,0,0,0,0,0,0,0,0,0,0,0,0,0,0,0,0
Mamu_A1_109_01,0,0,0,0,0,0,0,0,0,0,0,0,0,0,0,0,0,0,0,0,0
Mamu_A1_110_A1_111g,0,0,0,0,0,0,0,0,0,0,0,0,0,0,0,0,0,0,0,0,0
Mamu_A1_113_w_01,0,0,0,0,0,0,0,0,0,0,0,0,0,0,0,0,0,0,0,0,0
Mamu_A1_119_AG_02g,1,1,1,1,1,1,0,0,1,1,0,0,0,1,0,0,0,1,1,0,0
Mamu_A2_05_SP_exp13258_ctg132_1024_157bp,0,0,0,0,0,0,0,0,0,0,0,0,0,0,0,0,0,0,0,0,0
Mamu_A2_05_nov_05,0,0,0,0,0,0,0,0,0,0,0,0,0,1,0,0,0,0,0,0,0
Mamu_A2_05_w_08,0,0,0,0,0,0,0,0,0,0,0,0,0,0,0,0,0,0,0,0,0
Mamu_A2_05g1,1,1,1,1,1,1,0,0,1,0,0,0,0,1,1,1,0,0,0,0,0
Mamu_A2_05g2,0,0,0,0,0,0,0,0,0,0,0,0,0,0,0,0,0,0,0,0,0
Mamu_A2_05g3,0,0,0,0,0,0,0,0,0,0,0,0,0,0,0,0,1,0,0,0,0
Mamu_A2_05g4,0,0,0,0,0,0,0,0,0,0,0,0,0,0,0,0,0,0,0,0,0
Mamu_A2_05g5,0,0,0,0,0,0,0,0,0,0,0,0,0,0,0,0,0,0,0,0,0
Mamu_A2_24_01,0,0,0,0,0,0,0,0,0,0,0,0,0,0,0,0,0,0,0,0,0
Mamu_A3_13_A4_01_A4_02g,0,0,0,0,0,0,0,0,0,0,0,0,0,0,0,0,0,0,0,0,0
Mamu_A3_13_A4_03g,0,0,0,0,0,0,0,0,0,0,0,0,0,0,0,0,0,0,0,0,0
Mamu_A3_13_A4_14g,1,0,0,0,0,1,0,0,0,0,0,0,0,0,0,0,1,0,0,1,0
Mamu_A3_13g,0,0,0,0,0,0,0,0,1,0,0,0,0,1,1,1,0,0,0,0,0
Mamu_A4_02_04,0,0,0,0,0,0,0,0,0,0,0,0,0,0,0,0,0,0,0,0,0
Mamu_A4_14_07,0,0,0,0,0,0,0,0,0,0,0,0,0,0,0,0,0,0,0,0,0
Mamu_A4_14_10,0,0,0,0,0,0,0,0,0,0,0,0,0,0,0,0,0,0,0,0,0
Mamu_A4_14_SP_exp13277_ctg134_142_157bp,0,0,0,0,0,0,0,1,0,0,0,0,0,0,0,0,0,0,0,0,0
Mamu_A4_14_nov_01,0,0,0,0,1,0,1,1,0,0,0,1,0,0,0,1,0,0,0,0,0
Mamu_A4_14_nov_03,0,0,0,0,0,0,0,0,0,0,0,0,0,0,0,0,0,0,0,0,0
Mamu_A4_14g1,0,0,1,1,1,0,1,1,1,1,1,1,1,0,1,1,1,1,1,1,1
Mamu_A4_14g2,0,0,0,0,0,0,0,0,0,0,0,0,0,0,0,1,0,0,0,0,0
Mamu_A5_30g1,0,0,0,0,0,0,0,0,0,0,0,0,0,0,0,0,0,0,0,0,0
Mamu_A6_01g,0,0,0,0,0,0,0,0,0,0,0,0,0,0,0,0,0,0,0,0,0
Mamu_A7_01_w_02,0,0,0,0,0,1,0,0,0,0,0,0,0,0,0,0,0,0,0,0,0